season,date,home_away,opponent,result,points,motherwell_goals,opponent_goals,ht_motherwell,ht_opponent,referee,motherwell_xg,opponent_xg,motherwell_shots,opponent_shots,motherwell_sot,opponent_sot,motherwell_corners,opponent_corners,motherwell_yellows,motherwell_reds,opponent_yellows,opponent_reds,odds_motherwell,odds_draw,odds_opponent
2021-22,2021-08-01,home,Hibernian,L,0,2,3,2,1,D Munro,,,9,14,5,5,2,4,5,0,3,0,3.3,3.4,2.15
2021-22,2021-08-08,away,St Johnstone,D,1,1,1,0,1,N Walsh,,,10,12,5,4,6,8,2,0,2,0,3.8,3.1,1.95
2021-22,2021-08-21,away,Livingston,W,3,2,1,0,1,C Napier,,,15,13,6,3,8,4,1,0,1,0,3.2,3.3,2.25
2021-22,2021-08-28,home,Dundee,W,3,1,0,1,0,W Collum,,,4,15,3,2,3,4,2,1,1,0,2.37,3.3,3.0
2021-22,2021-09-11,home,Aberdeen,W,3,2,0,1,0,J Beaton,,,6,20,2,7,1,6,5,0,4,0,2.9,3.2,2.4
2021-22,2021-09-19,away,Rangers,D,1,1,1,0,1,S McLean,,,5,24,1,7,3,13,3,0,1,0,10.0,5.25,1.28
2021-22,2021-09-25,home,Ross County,W,3,2,1,1,1,C Napier,,,12,18,5,6,0,3,3,0,4,0,1.72,3.75,4.75
2021-22,2021-10-02,away,Hearts,L,0,0,2,0,2,D Munro,,,20,10,7,5,8,7,3,0,3,0,6.0,3.8,1.57
2021-22,2021-10-16,home,Celtic,L,0,0,2,0,1,W Collum,,,5,18,0,7,4,8,1,0,1,0,6.5,4.33,1.5
2021-22,2021-10-23,away,Dundee United,L,0,1,2,0,1,K Clancy,,,11,10,5,4,11,4,4,0,2,0,3.3,3.2,2.3
2021-22,2021-10-27,home,St Mirren,D,1,2,2,0,0,B Madden,,,8,23,4,10,4,8,1,0,2,0,2.5,3.25,2.9
2021-22,2021-10-31,home,Rangers,L,0,1,6,1,2,N Walsh,,,3,30,2,12,2,12,1,1,0,0,9.0,4.75,1.36
2021-22,2021-11-06,away,Aberdeen,W,3,2,0,0,0,D Robertson,,,2,18,2,8,2,13,5,0,3,0,5.25,3.5,1.75
2021-22,2021-11-20,home,Hearts,W,3,2,0,1,0,W Collum,,,20,6,7,4,9,4,1,0,0,1,3.75,3.5,2.0
2021-22,2021-11-27,away,Dundee,L,0,0,3,0,2,C Napier,,,10,12,3,6,4,5,3,0,3,0,2.8,3.3,2.5
2021-22,2021-11-30,home,Dundee United,W,3,1,0,1,0,S McLean,,,20,7,2,2,3,5,2,1,2,0,2.5,3.1,3.0
2021-22,2021-12-04,away,Hibernian,D,1,1,1,0,1,C Steven,,,12,17,5,4,0,8,3,0,2,0,4.33,3.8,1.75
2021-22,2021-12-12,away,Celtic,L,0,0,1,0,1,E Anderson,,,9,26,1,7,2,10,2,0,0,0,19.0,7.0,1.16
2021-22,2021-12-18,home,St Johnstone,W,3,2,0,1,0,N Walsh,,,7,9,2,1,7,4,1,0,0,0,2.25,3.2,3.4
2021-22,2021-12-26,home,Livingston,W,3,2,1,1,0,D Robertson,,,11,8,5,4,5,1,0,0,3,0,2.3,3.25,3.2
2021-22,2022-01-18,away,Ross County,L,0,1,3,0,1,J Beaton,,,13,5,3,2,6,5,2,0,1,1,2.9,3.25,2.5
2021-22,2022-01-26,home,Hibernian,D,1,0,0,0,0,A Dallas,,,9,4,2,0,4,5,2,1,2,0,3.3,3.25,2.25
2021-22,2022-01-29,away,Hearts,L,0,0,2,0,1,C Napier,,,8,11,2,5,2,5,2,0,1,0,5.25,3.8,1.66
2021-22,2022-02-01,away,St Mirren,D,1,1,1,0,0,E Anderson,,,14,7,7,3,1,6,1,0,0,0,3.4,2.9,2.4
2021-22,2022-02-06,home,Celtic,L,0,0,4,0,3,J Beaton,,,7,18,1,10,4,10,3,0,1,0,9.0,5.5,1.33
2021-22,2022-02-09,away,Dundee United,L,0,0,2,0,1,A Muir,,,17,8,2,2,5,3,2,0,0,0,3.1,3.2,2.4
2021-22,2022-02-19,home,Aberdeen,D,1,1,1,0,1,N Walsh,,,20,6,4,5,9,3,4,0,3,0,3.2,3.2,2.37
2021-22,2022-02-27,away,Rangers,D,1,2,2,0,2,D Robertson,,,5,30,3,10,1,15,3,0,2,0,13.0,6.0,1.22
2021-22,2022-03-02,home,Ross County,L,0,0,1,0,1,J Beaton,,,17,6,4,3,6,1,0,0,1,0,2.25,3.25,3.4
2021-22,2022-03-05,home,Dundee,D,1,1,1,1,1,A Dallas,,,16,11,5,3,3,3,0,0,2,0,2.05,3.3,3.8
2021-22,2022-03-19,away,St Johnstone,L,0,1,2,1,1,D Munro,,,7,8,4,2,6,3,2,0,3,0,3.0,2.9,2.6
2021-22,2022-04-02,home,St Mirren,W,3,4,2,3,2,C Napier,,,13,10,6,4,8,6,0,0,1,0,2.2,3.3,3.4
2021-22,2022-04-09,away,Livingston,D,1,2,2,0,1,D Robertson,,,6,12,2,4,6,6,2,0,1,0,3.75,3.2,2.1
2021-22,2022-04-23,home,Rangers,L,0,1,3,1,1,N Walsh,,,8,9,2,5,5,2,3,0,1,1,10.0,4.75,1.33
2021-22,2022-04-30,away,Dundee United,L,0,0,1,0,1,K Clancy,,,12,8,2,3,4,8,3,0,3,0,2.9,3.1,2.62
2021-22,2022-05-07,away,Ross County,W,3,1,0,0,0,D Munro,,,9,14,2,4,5,13,3,0,2,0,3.2,3.3,2.3
2021-22,2022-05-11,home,Hearts,W,3,2,1,1,1,M MacDermid,,,8,15,3,5,3,6,1,0,0,0,2.87,3.5,2.37
2021-22,2022-05-14,away,Celtic,L,0,0,6,0,3,A Muir,,,6,15,1,8,3,15,1,0,0,0,17.0,7.5,1.16
2022-23,2022-07-31,away,St Mirren,W,3,1,0,1,0,J Beaton,,,9,19,2,6,2,8,4,1,4,0,2.8,3.3,2.55
2022-23,2022-08-06,home,St Johnstone,L,0,1,2,0,1,W Collum,,,12,10,2,3,4,6,1,0,3,0,2.2,3.1,3.6
2022-23,2022-08-13,away,Aberdeen,W,3,3,2,1,1,C Graham,,,19,14,6,3,12,5,2,0,1,0,4.75,3.5,1.8
2022-23,2022-08-20,home,Livingston,W,3,1,0,0,0,N Walsh,,,13,5,2,1,2,1,1,0,0,1,2.37,3.0,3.3
2022-23,2022-08-27,away,Kilmarnock,L,0,1,2,1,0,E Anderson,,,10,21,6,4,4,8,1,0,2,0,2.75,3.25,2.62
2022-23,2022-09-03,home,Dundee United,D,1,0,0,0,0,C Napier,,,21,11,5,3,3,6,2,0,1,0,1.95,3.3,4.2
2022-23,2022-09-18,home,Hearts,L,0,0,3,0,1,N Walsh,,,25,10,5,6,6,2,3,0,2,0,2.75,3.5,2.5
2022-23,2022-10-01,away,Celtic,L,0,1,2,1,1,J Beaton,,,7,17,2,6,4,7,4,0,1,1,17.0,10.0,1.11
2022-23,2022-10-04,away,Ross County,W,3,5,0,1,0,C Graham,,,11,9,6,1,3,4,2,0,3,0,2.45,3.3,2.87
2022-23,2022-10-08,away,Hibernian,L,0,0,1,0,0,G Irvine,,,9,14,1,5,7,3,4,1,2,0,4.75,3.6,1.75
2022-23,2022-10-16,home,Rangers,L,0,1,2,0,0,D Dickinson,,,5,7,2,4,3,3,3,0,4,0,8.5,4.75,1.4
2022-23,2022-10-22,home,Aberdeen,L,0,1,2,0,1,E Anderson,,,12,7,4,3,4,0,3,0,2,0,2.75,3.25,2.62
2022-23,2022-10-29,away,Dundee United,W,3,1,0,1,0,J Beaton,,,9,10,2,3,5,10,1,0,0,1,2.8,3.2,2.62
2022-23,2022-11-06,away,Hearts,L,0,2,3,0,1,K Clancy,,,18,15,5,7,11,6,3,0,2,1,3.8,3.6,1.95
2022-23,2022-11-09,home,Celtic,L,0,1,2,0,1,W Collum,,,7,16,2,3,5,10,2,0,1,0,11.0,5.75,1.28
2022-23,2022-11-12,away,St Johnstone,D,1,1,1,1,1,N Walsh,,,12,10,3,3,4,8,4,0,2,0,2.9,3.2,2.55
2022-23,2022-12-23,home,Kilmarnock,D,1,2,2,1,0,J Beaton,,,15,3,4,2,13,1,2,0,0,1,1.95,3.5,3.8
2022-23,2022-12-28,away,Rangers,L,0,0,3,0,2,D Dickinson,,,6,19,2,10,7,7,3,0,2,0,13.0,6.5,1.22
2022-23,2023-01-02,away,Livingston,D,1,1,1,1,1,D Munro,,,16,11,5,6,4,5,2,0,3,0,2.63,3.4,2.63
2022-23,2023-01-08,home,Hibernian,L,0,2,3,0,1,D Munro,,,13,10,3,4,5,2,2,0,1,0,2.88,3.3,2.5
2022-23,2023-01-14,home,Ross County,D,1,1,1,0,0,D Dickinson,,,11,12,3,5,7,3,2,0,3,0,1.75,3.6,4.5
2022-23,2023-01-28,away,St Mirren,L,0,0,1,0,1,J Beaton,,,8,9,2,2,5,6,2,0,3,0,3.1,3.2,2.4
2022-23,2023-02-01,home,St Johnstone,L,0,0,2,0,1,D Robertson,,,5,12,1,4,1,3,2,0,1,0,2.1,3.2,3.8
2022-23,2023-02-04,away,Aberdeen,L,0,1,3,0,1,K Clancy,,,4,12,1,7,2,9,3,0,4,0,3.6,3.3,2.0
2022-23,2023-02-15,home,St Mirren,W,3,2,1,2,1,J Beaton,,,7,10,4,4,3,2,2,0,4,0,2.55,3.2,3.0
2022-23,2023-02-19,home,Hearts,W,3,2,0,1,0,D Robertson,,,13,13,3,3,5,9,1,0,1,0,3.1,3.4,2.3
2022-23,2023-02-25,away,Kilmarnock,D,1,1,1,0,1,A Muir,,,13,8,7,3,6,4,3,0,3,0,2.9,3.3,2.4
2022-23,2023-03-04,away,Ross County,W,3,2,0,0,0,D Robertson,,,13,17,3,6,4,9,2,0,0,1,2.8,3.3,2.55
2022-23,2023-03-18,home,Rangers,L,0,2,4,1,1,N Walsh,,,3,28,2,10,1,3,1,1,1,0,8.0,4.75,1.4
2022-23,2023-04-01,away,Hibernian,W,3,3,1,1,0,G Grainger,,,17,11,5,3,5,6,1,0,3,0,4.5,3.6,1.8
2022-23,2023-04-08,home,Livingston,W,3,3,0,3,0,G Irvine,,,11,11,6,2,4,2,1,0,1,0,2.1,3.3,3.6
2022-23,2023-04-15,home,Dundee United,L,0,1,2,1,0,N Walsh,,,22,10,8,6,6,6,3,0,4,0,1.95,3.3,4.2
2022-23,2023-04-22,away,Celtic,D,1,1,1,0,1,J Beaton,,,6,16,3,5,3,13,3,0,1,0,26.0,10.0,1.09
2022-23,2023-05-06,home,Kilmarnock,W,3,2,0,1,0,K Clancy,,,17,8,6,1,8,1,2,0,2,0,2.2,3.4,3.25
2022-23,2023-05-13,away,St Johnstone,W,3,2,0,0,0,G Irvine,,,8,11,4,1,4,6,1,0,0,0,2.7,3.1,2.7
2022-23,2023-05-20,home,Ross County,W,3,1,0,0,0,E Anderson,,,16,6,6,1,4,4,3,0,0,1,2.1,3.4,3.6
2022-23,2023-05-24,away,Livingston,D,1,1,1,1,0,C Graham,,,6,8,1,2,11,1,1,0,2,1,2.45,3.1,3.1
2022-23,2023-05-28,home,Dundee United,W,3,3,2,1,1,S McLean,,,23,10,6,7,9,0,2,0,0,0,1.91,3.75,3.8
2023-24,2023-08-05,away,Dundee,D,1,1,1,1,0,D Dickinson,,,13,17,3,2,12,7,2,0,0,0,2.75,3.3,2.55
2023-24,2023-08-13,home,Hibernian,W,3,2,1,0,0,M MacDermid,,,10,4,3,1,5,2,1,0,4,0,2.63,3.4,2.63
2023-24,2023-08-26,home,Kilmarnock,W,3,2,1,0,1,C Graham,,,13,12,7,3,1,6,6,0,3,0,2.45,3.2,3.0
2023-24,2023-09-03,away,Hearts,W,3,1,0,1,0,G Irvine,,,8,18,4,1,5,16,2,1,1,0,3.75,3.5,2.0
2023-24,2023-09-16,home,St Mirren,L,0,0,1,0,0,M MacDermid,,,20,9,7,3,8,3,0,0,5,0,2.25,3.25,3.3
2023-24,2023-09-24,away,Rangers,L,0,0,1,0,1,A Muir,,,9,17,4,7,2,2,2,0,2,0,12.0,6.0,1.25
2023-24,2023-09-30,home,Celtic,L,0,1,2,0,0,W Collum,,,10,24,4,6,4,6,3,0,1,0,9.5,5.5,1.3
2023-24,2023-10-07,away,Livingston,L,0,0,2,0,0,D Robertson,,,3,11,2,3,5,3,3,1,1,0,2.63,3.2,2.8
2023-24,2023-10-28,home,Ross County,D,1,3,3,0,0,G Grainger,,,13,13,3,6,6,4,2,0,2,0,1.91,3.75,3.8
2023-24,2023-11-01,home,Aberdeen,L,0,2,4,0,2,C Steven,,,9,15,2,6,1,4,6,0,1,0,2.45,3.4,2.88
2023-24,2023-11-04,away,Kilmarnock,L,0,0,1,0,0,M MacDermid,,,11,20,1,8,3,9,1,0,2,0,3.2,3.6,2.2
2023-24,2023-11-07,away,St Johnstone,D,1,2,2,0,2,E Anderson,,,11,10,5,3,7,6,2,0,1,0,2.63,3.2,2.75
2023-24,2023-11-11,home,Hearts,L,0,1,2,0,1,D Munro,,,8,14,1,3,4,10,4,0,2,0,3.0,3.3,2.4
2023-24,2023-11-25,away,Celtic,D,1,1,1,0,0,S McLean,,,6,20,2,4,2,13,4,0,1,0,19.0,7.5,1.14
2023-24,2023-12-02,home,Dundee,D,1,3,3,1,2,I Snedden,,,9,16,4,4,4,4,3,1,2,0,2.25,3.3,3.2
2023-24,2023-12-05,away,Ross County,L,0,0,3,0,2,D Dickinson,,,14,13,4,6,3,6,2,0,1,1,3.5,3.2,2.25
2023-24,2023-12-09,home,St Johnstone,D,1,1,1,0,0,E Anderson,,,17,11,8,2,3,2,0,0,0,0,2.15,3.3,3.5
2023-24,2023-12-16,away,St Mirren,D,1,0,0,0,0,C Napier,,,8,11,4,3,4,6,1,0,1,0,4.0,3.4,1.95
2023-24,2023-12-24,home,Rangers,L,0,0,2,0,2,D Dickinson,,,7,14,0,6,3,5,3,0,1,0,9.5,5.25,1.33
2023-24,2023-12-30,home,Livingston,W,3,3,1,3,1,C Graham,,,7,10,4,1,4,3,4,0,3,0,2.0,3.4,4.0
2023-24,2024-01-02,away,Hibernian,D,1,2,2,1,1,D Robertson,,,9,12,4,3,3,7,2,0,2,0,4.0,3.4,1.91
2023-24,2024-01-27,away,St Johnstone,D,1,1,1,1,1,C Steven,,,11,7,2,4,6,0,3,0,2,0,2.9,3.25,2.5
2023-24,2024-02-03,home,Kilmarnock,D,1,1,1,1,1,D Robertson,,,11,3,4,1,6,5,2,0,5,0,3.0,3.2,2.38
2023-24,2024-02-06,home,Ross County,W,3,5,0,3,0,M MacDermid,,,17,12,8,2,3,6,2,0,2,0,1.95,3.4,4.0
2023-24,2024-02-14,away,Aberdeen,D,1,3,3,3,2,K Clancy,,,11,14,7,7,3,7,4,0,2,0,4.0,3.6,1.95
2023-24,2024-02-17,away,Hearts,L,0,0,2,0,0,C Graham,,,10,22,3,7,7,9,2,0,1,0,5.0,3.7,1.73
2023-24,2024-02-25,home,Celtic,L,0,1,3,1,0,W Collum,,,10,18,3,7,4,4,1,0,2,0,8.0,5.75,1.33
2023-24,2024-02-28,away,Livingston,W,3,3,1,0,1,J Beaton,,,15,14,5,4,4,1,1,0,1,0,2.55,3.4,2.7
2023-24,2024-03-02,away,Rangers,W,3,2,1,1,0,A Muir,,,15,31,5,11,2,15,3,0,0,0,15.0,9.0,1.14
2023-24,2024-03-16,home,Aberdeen,L,0,0,1,0,1,W Collum,,,14,14,5,4,6,6,1,0,2,0,2.4,3.1,3.2
2023-24,2024-03-30,home,St Mirren,D,1,1,1,0,1,M MacDermid,,,16,17,4,4,4,4,1,0,1,0,2.45,3.4,2.88
2023-24,2024-04-06,away,Dundee,W,3,3,2,0,1,D Dickinson,,,20,6,5,2,11,3,0,0,2,0,3.1,3.3,2.38
2023-24,2024-04-13,home,Hibernian,D,1,1,1,0,0,W Collum,,,8,8,1,4,4,6,2,0,4,0,2.7,3.4,2.6
2023-24,2024-04-27,away,Aberdeen,L,0,0,1,0,0,C Napier,,,8,23,3,5,7,10,0,1,1,0,3.75,3.4,2.05
2023-24,2024-05-04,home,Livingston,W,3,4,1,2,0,D Munro,,,14,5,6,1,6,2,2,0,0,0,1.65,4.0,5.0
2023-24,2024-05-11,away,Ross County,W,3,5,1,2,1,K Clancy,,,14,14,7,2,5,8,2,0,3,0,3.1,3.3,2.3
2023-24,2024-05-15,away,Hibernian,L,0,0,3,0,2,I Snedden,,,9,12,3,5,4,8,1,0,1,0,4.0,3.75,1.83
2023-24,2024-05-19,home,St Johnstone,L,0,1,2,0,2,C Steven,,,13,9,5,4,7,3,0,0,1,0,2.4,3.4,2.8
2024-25,2024-08-03,home,Ross County,D,1,0,0,0,0,J Beaton,,,11,13,6,3,9,3,0,0,2,0,1.85,3.6,4.1
2024-25,2024-08-10,away,Rangers,L,0,1,2,1,2,K Clancy,,,7,19,1,9,4,6,0,0,2,0,11.0,7.0,1.2
2024-25,2024-08-25,home,Hearts,W,3,3,1,1,0,J Beaton,,,14,9,6,3,8,7,1,0,4,0,2.8,3.4,2.4
2024-25,2024-08-31,away,St Johnstone,W,3,2,1,1,0,I Snedden,,,14,13,6,5,13,4,0,0,1,1,2.38,3.6,2.75
2024-25,2024-09-14,away,Aberdeen,L,0,1,2,0,1,C Graham,,,13,11,4,4,5,6,5,0,4,0,5.0,3.75,1.67
2024-25,2024-09-28,home,St Mirren,W,3,2,1,2,1,L Wilson,,,9,15,4,9,9,6,4,1,2,1,2.38,3.3,2.88
2024-25,2024-10-05,away,Hibernian,W,3,2,1,0,0,M MacDermid,,,11,17,5,7,5,10,3,0,3,1,3.6,3.5,2.0
2024-25,2024-10-19,home,Dundee,L,0,0,1,0,1,E Anderson,,,10,15,3,4,3,5,0,0,2,0,2.05,3.75,3.25
2024-25,2024-10-27,home,Celtic,L,0,0,3,0,1,D Dickinson,,,9,21,2,10,3,10,1,1,2,0,8.0,7.0,1.25
2024-25,2024-10-30,away,Dundee United,W,3,2,1,1,1,L Wilson,,,9,17,3,5,3,11,4,0,3,0,3.2,3.4,2.2
2024-25,2024-11-09,home,St Johnstone,W,3,2,1,2,0,R Hardie,,,15,12,4,4,3,3,1,0,0,0,1.85,3.7,3.9
2024-25,2024-11-23,away,Ross County,L,0,1,2,0,0,C Graham,,,8,16,3,4,3,12,1,0,1,0,2.63,3.1,2.88
2024-25,2024-11-30,home,Hibernian,L,0,0,3,0,2,G Irvine,,,7,17,3,8,3,4,0,0,0,0,2.8,3.3,2.45
2024-25,2024-12-04,away,Dundee,L,0,1,4,1,1,J Beaton,,,24,9,6,4,10,4,2,0,2,0,3.8,3.4,2.0
2024-25,2024-12-07,away,St Mirren,W,3,1,0,0,0,D McFarlane,,,9,11,4,6,2,7,3,0,3,1,3.6,3.4,2.05
2024-25,2024-12-14,home,Dundee United,W,3,4,3,3,1,N Walsh,,,12,17,6,9,2,3,2,0,3,0,2.4,3.4,2.8
2024-25,2024-12-20,home,Kilmarnock,D,1,1,1,1,0,C Graham,,,4,12,1,5,2,8,1,1,4,0,2.25,3.25,3.25
2024-25,2024-12-26,away,Celtic,L,0,0,4,0,1,R Hardie,,,2,23,0,7,3,6,5,0,1,0,16.0,10.0,1.11
2024-25,2024-12-29,home,Rangers,D,1,2,2,2,0,K Clancy,,,8,23,4,9,3,6,4,0,3,0,9.0,5.0,1.3
2024-25,2025-01-02,away,Hearts,L,0,0,1,0,1,C Scott,,,6,18,3,6,4,12,1,0,3,0,4.33,3.6,1.8
2024-25,2025-01-05,home,Aberdeen,W,3,2,0,2,0,N Walsh,,,11,12,3,2,3,8,2,0,2,1,2.55,3.25,2.75
2024-25,2025-01-08,away,Kilmarnock,D,1,0,0,0,0,D Robertson,,,7,18,2,3,2,15,2,0,1,0,3.9,3.5,1.95
2024-25,2025-01-11,away,Hibernian,L,0,1,3,0,2,C Steven,,,4,8,2,3,6,3,3,1,1,0,5.25,4.0,1.62
2024-25,2025-01-25,away,St Johnstone,L,0,1,2,1,0,K Clancy,,,10,16,3,5,3,7,4,0,1,0,2.7,3.5,2.45
2024-25,2025-02-02,home,Celtic,L,0,1,3,1,2,C Scott,,,2,18,1,9,3,10,0,0,0,0,12.0,7.5,1.2
2024-25,2025-02-15,home,Ross County,L,0,0,3,0,1,I Snedden,,,18,13,3,8,6,3,1,0,3,0,2.05,3.0,3.9
2024-25,2025-02-22,away,Dundee United,L,0,0,1,0,1,C Graham,,,10,10,3,3,7,2,2,0,0,0,5.0,3.6,1.7
2024-25,2025-02-26,home,Dundee,W,3,2,1,1,0,L Wilson,,,14,9,6,1,5,10,1,0,0,0,2.25,3.5,3.0
2024-25,2025-03-01,away,Rangers,W,3,2,1,2,0,N Walsh,,,6,22,3,6,3,12,2,0,2,0,17.0,7.5,1.14
2024-25,2025-03-15,home,St Mirren,D,1,2,2,1,2,G Irvine,,,5,11,2,4,0,7,3,0,3,1,2.65,3.2,2.55
2024-25,2025-03-29,away,Aberdeen,L,0,1,4,1,2,R Hardie,,,10,15,2,8,4,9,2,0,1,0,5.25,3.8,1.65
2024-25,2025-04-05,away,Kilmarnock,L,0,0,2,0,1,M MacDermid,,,4,17,1,10,2,7,3,1,2,0,4.75,3.5,1.75
2024-25,2025-04-12,home,Hearts,D,1,0,0,0,0,K Clancy,,,6,12,0,2,4,2,0,0,3,0,3.9,3.7,1.9
2024-25,2025-04-26,home,St Johnstone,W,3,3,2,2,1,S McLean,,,17,16,5,4,5,9,4,0,1,0,2.3,3.0,3.3
2024-25,2025-05-03,away,Dundee,W,3,2,1,0,1,K Clancy,,,16,10,4,5,4,7,2,1,1,0,3.25,3.3,2.2
2024-25,2025-05-10,away,Hearts,L,0,0,3,0,1,R Lee,,,9,8,3,5,1,6,2,0,2,0,6.25,4.2,1.5
2024-25,2025-05-14,home,Kilmarnock,W,3,3,0,0,0,D Nicolson,,,24,14,8,3,5,4,0,0,1,1,2.8,3.25,2.55
2024-25,2025-05-18,away,Ross County,D,1,1,1,0,1,D Robertson,,,21,15,6,4,6,5,1,0,2,0,3.75,3.6,1.91
2025-26,2025-08-02,home,Rangers,D,1,1,1,0,1,S McLean,,,17,15,5,5,1,12,1,0,4,0,7.0,5.0,1.4
2025-26,2025-08-09,away,St Mirren,D,1,0,0,0,0,R Hardie,,,7,9,3,4,4,7,1,0,5,0,3.8,3.5,1.95
2025-26,2025-08-23,away,Hearts,D,1,3,3,1,0,J Beaton,,,9,19,3,9,3,9,2,0,3,0,5.25,3.9,1.62
2025-26,2025-08-30,home,Kilmarnock,D,1,2,2,1,1,D McFarlane,,,15,7,4,5,9,0,2,0,5,0,2.05,3.5,3.4
2025-26,2025-09-13,away,Dundee,D,1,1,1,1,0,C Scott,,,16,7,4,4,6,2,1,0,1,1,1.91,3.5,3.8
2025-26,2025-09-27,home,Aberdeen,W,3,2,0,0,0,R Lee,,,10,10,3,4,3,4,0,0,3,0,2.1,3.5,3.25
2025-26,2025-10-05,away,Celtic,L,0,2,3,1,1,C Scott,,,5,16,3,9,0,10,0,0,2,0,10.0,8.0,1.17
2025-26,2025-10-18,home,Falkirk,L,0,1,2,1,0,S McLean,,,15,9,5,5,6,4,1,0,5,0,1.86,3.7,3.75
2025-26,2025-10-25,away,Livingston,W,3,2,1,0,1,N Walsh,,,15,11,2,4,3,0,2,0,2,0,2.01,3.5,3.3
2025-26,2025-10-29,home,Dundee United,W,3,2,0,1,0,C Graham,,,10,9,5,1,4,2,1,0,2,0,1.91,3.8,3.4
2025-26,2025-11-09,away,Aberdeen,D,1,1,1,0,0,S McLean,,,10,6,3,2,6,4,1,0,3,0,2.75,3.8,2.2
2025-26,2025-11-22,away,Kilmarnock,W,3,3,1,2,0,R Lee,,,12,18,5,6,3,3,5,0,1,0,2.2,3.4,2.95
2025-26,2025-11-25,home,Hibernian,W,3,2,0,2,0,D Nicolson,,,16,2,5,1,0,2,0,0,1,1,2.65,3.4,2.45
2025-26,2025-11-29,home,Hearts,D,1,0,0,0,0,K Clancy,,,9,9,5,1,3,4,2,0,4,0,3.6,3.4,2.01
2025-26,2025-12-03,away,Falkirk,D,1,0,0,0,0,C Graham,,,7,14,1,1,3,6,0,0,2,0,2.57,3.3,2.57
2025-26,2025-12-06,home,Livingston,W,3,3,0,1,0,R Lee,,,14,12,7,1,4,5,2,0,3,0,1.66,3.75,4.75
2025-26,2025-12-13,away,Dundee United,D,1,0,0,0,0,D Nicolson,,,13,9,3,1,4,1,3,0,3,0,2.3,3.4,2.82
2025-26,2025-12-20,home,Dundee,W,3,1,0,0,0,M MacDermid,,,16,5,7,2,2,3,1,0,2,0,1.42,4.75,6.0
2025-26,2025-12-27,away,Rangers,L,0,0,1,0,0,D Dickinson,,,12,28,5,13,1,5,1,0,3,0,4.33,3.75,1.71
2025-26,2025-12-30,home,Celtic,W,3,2,0,1,0,K Clancy,,,11,8,6,3,1,3,0,0,4,0,4.33,3.9,1.66
2025-26,2026-01-03,home,St Mirren,W,3,2,0,1,0,C Scott,,,15,9,8,2,9,8,0,0,4,0,1.96,3.2,4.0
2025-26,2026-01-10,away,Hibernian,D,1,1,1,0,0,M MacDermid,,,14,14,5,4,4,4,5,0,2,0,3.6,3.4,2.01
2025-26,2026-01-24,home,Kilmarnock,W,3,4,0,2,0,N Walsh,,,22,7,11,1,2,1,0,0,0,1,1.45,4.0,7.0
2025-26,2026-01-31,away,Livingston,W,3,2,0,2,0,S McLean,,,14,4,6,1,7,7,0,0,1,0,1.76,3.6,4.33
2025-26,2026-02-11,home,Rangers,D,1,1,1,0,1,S McLean,,,18,10,5,4,6,3,2,0,5,0,3.25,3.5,2.1
2025-26,2026-02-15,home,Aberdeen,W,3,2,0,1,0,D Dickinson,,,18,10,8,2,4,2,1,0,6,0,1.56,3.8,5.5
2025-26,2026-02-21,away,St Mirren,W,3,5,0,2,0,C Scott,,,17,11,6,5,7,4,0,0,4,1,2.35,3.2,3.0
2025-26,2026-02-28,home,Dundee United,W,3,2,0,1,0,N Walsh,,,16,7,5,3,5,3,2,0,3,0,1.45,4.2,6.5
2025-26,2026-03-07,away,Dundee,L,0,1,2,0,1,D McFarlane,,,21,9,9,2,1,3,2,0,4,0,1.79,3.6,4.1
2025-26,2026-03-14,away,Celtic,L,0,1,3,1,1,J Beaton,,,12,13,3,6,3,2,2,1,4,0,5.0,3.9,1.62
2025-26,2026-03-21,home,Hibernian,D,1,0,0,0,0,D Dickinson,,,7,7,3,1,2,4,3,0,4,0,1.81,3.6,4.0
2025-26,2026-04-04,home,Falkirk,L,0,2,3,1,2,D Nicolson,,,14,12,7,5,6,2,2,0,3,0,1.76,3.7,4.33
2025-26,2026-04-11,away,Hearts,L,0,1,3,0,0,M MacDermid,,,12,12,3,5,4,6,2,0,1,0,4.0,3.4,1.91
2025-26,2026-04-26,away,Rangers,W,3,3,2,2,0,K Clancy,,,9,16,5,6,5,7,2,0,1,0,5.75,4.5,1.46
2025-26,2026-05-02,away,Falkirk,L,0,0,1,0,0,D McFarlane,,,14,18,3,5,5,2,5,0,4,0,2.5,3.4,2.65
2025-26,2026-05-09,home,Hearts,D,1,1,1,1,1,S McLean,,,8,11,1,5,2,6,1,0,3,0,2.7,3.5,2.4
2025-26,2026-05-13,home,Celtic,L,0,2,3,1,1,J Beaton,,,15,10,5,3,4,3,2,0,3,0,4.33,4.1,1.66
2025-26,2026-05-16,away,Hibernian,W,3,1,0,1,0,N Walsh,,,14,11,6,1,4,7,3,1,5,0,2.57,3.3,2.55
2026-27,2026-08-02,away,Hibernian,W,3,2,1,1,0,S McLean,2.0,1.92,9,19,5,6,2,9,3,0,1,0,3.1,3.4,2.2
2026-27,2026-08-09,home,Falkirk,D,1,0,0,0,0,C Graham,0.89,0.44,11,10,1,1,2,2,2,0,2,0,1.79,3.75,4.1
2026-27,2026-08-30,away,St Mirren,D,1,3,3,2,3,K Clancy,2.11,2.32,22,23,7,9,7,7,2,0,2,0,2.7,3.3,2.45
2026-27,2026-09-02,home,Dundee United,W,3,3,0,1,0,C Scott,2.14,0.19,25,5,8,1,9,3,1,0,0,1,1.91,3.75,3.6
2026-27,2026-09-05,away,Rangers,L,0,0,1,0,1,D Nicolson,0.51,3.93,8,27,3,6,5,7,0,0,0,0,7.0,4.33,1.41
2026-27,2026-09-15,home,Aberdeen,L,0,0,4,0,1,S McLean,0.77,0.92,12,11,5,4,5,2,2,0,3,0,1.79,3.8,3.9
2026-27,2026-09-19,away,Dundee,L,0,1,2,1,2,R Hardie,1.1,1.36,15,11,4,6,9,9,1,0,1,0,2.25,3.4,3.0
