espn_id,date,kickoff_utc,season,competition_code,competition,round,leg,home_away,opponent,opponent_slug,result,decided_by,points,motherwell_goals,opponent_goals,ht_motherwell,ht_opponent,venue,attendance,referee,motherwell_xg,opponent_xg,motherwell_shots,opponent_shots,motherwell_sot,opponent_sot,motherwell_possession,motherwell_corners,opponent_corners,motherwell_yellows,motherwell_reds,opponent_yellows,opponent_reds,odds_motherwell,odds_draw,odds_opponent,statpack
401878132,2026-07-23,2026-07-23T18:45Z,2026-27,uefa.europa.conf_qual,UEFA Conference League qualifying,Second Round,1st Leg,home,HB Torshavn,hb-torshavn,W,ft,3,2,0,,,Fir Park,7767.0,Patryk Gryckiewicz,,,,,,,,,,,,,,,,,data/processed/motherwell/statpacks/2026-07-23_401878132.json
401877934,2026-07-30,2026-07-30T17:00Z,2026-27,uefa.europa.conf_qual,UEFA Conference League qualifying,Second Round,2nd Leg - Motherwell win 5-0 on aggregate,away,HB Torshavn,hb-torshavn,W,ft,3,3,0,,,Tórsvollur,1050.0,Joonas Jaanovits,,,,,,,,,,,,,,,,,data/processed/motherwell/statpacks/2026-07-30_401877934.json
401878412,2026-08-02,2026-08-02T15:30Z,2026-27,sco.1,Scottish Premiership,,,away,Hibernian,hibs,W,ft,3,2,1,1.0,0.0,Easter Road,17440.0,Steven Mclean,2.0,1.92,9.0,19.0,5.0,6.0,52.0,2.0,9.0,3.0,0.0,1.0,0.0,3.1,3.4,2.2,data/processed/motherwell/statpacks/2026-08-02_401878412.json
401903143,2026-08-06,2026-08-06T16:00Z,2026-27,uefa.europa.conf_qual,UEFA Conference League qualifying,Third Round,1st Leg,away,HJK Helsinki,hjk-helsinki,D,ft,1,1,1,,,Bolt Arena,,Dalibor Cerny,,,,,,,,,,,,,,,,,data/processed/motherwell/statpacks/2026-08-06_401903143.json
401878408,2026-08-09,2026-08-09T14:00Z,2026-27,sco.1,Scottish Premiership,,,home,Falkirk,falkirk,D,ft,1,0,0,0.0,0.0,Fir Park,7028.0,Chris Graham,0.89,0.44,11.0,10.0,1.0,1.0,58.1,2.0,2.0,2.0,0.0,2.0,0.0,1.79,3.75,4.1,data/processed/motherwell/statpacks/2026-08-09_401878408.json
401903108,2026-08-13,2026-08-13T18:30Z,2026-27,uefa.europa.conf_qual,UEFA Conference League qualifying,Third Round,2nd Leg - Motherwell win 3-1 on aggregate,home,HJK Helsinki,hjk-helsinki,W,ft,3,2,0,,,Fir Park,8185.0,Michal Ocenas,,,,,,,,,,,,,,,,,data/processed/motherwell/statpacks/2026-08-13_401903108.json
401901389,2026-08-16,2026-08-16T13:00Z,2026-27,sco.cis,Scottish League Cup,Round 2,,away,Stenhousemuir,stenhousemuir,L,aet,0,0,1,,,Ochilview Park,1943.0,Colin Stevenson,,,7.0,11.0,1.0,5.0,65.0,8.0,9.0,3.0,0.0,4.0,0.0,,,,data/processed/motherwell/statpacks/2026-08-16_401901389.json
401910991,2026-08-20,2026-08-20T18:30Z,2026-27,uefa.europa.conf_qual,UEFA Conference League qualifying,Playoff Round,1st Leg,home,SC Freiburg,sc-freiburg,L,ft,0,1,3,,,Fir Park,,Radu Petrescu,,,4.0,26.0,1.0,10.0,39.6,2.0,8.0,3.0,1.0,1.0,0.0,,,,data/processed/motherwell/statpacks/2026-08-20_401910991.json
401910990,2026-08-27,2026-08-27T16:45Z,2026-27,uefa.europa.conf_qual,UEFA Conference League qualifying,Playoff Round,2nd Leg - SC Freiburg win 7-2 on aggregate,away,SC Freiburg,sc-freiburg,L,ft,0,1,4,,,Europa-Park Stadion,30841.0,Andrea Colombo,,,2.0,29.0,1.0,11.0,29.8,1.0,7.0,1.0,1.0,0.0,0.0,,,,data/processed/motherwell/statpacks/2026-08-27_401910990.json
401878393,2026-08-30,2026-08-30T14:00Z,2026-27,sco.1,Scottish Premiership,,,away,St Mirren,st-mirren,D,ft,1,3,3,2.0,3.0,The SMISA Stadium,5295.0,Kevin Clancy,2.11,2.32,22.0,23.0,7.0,9.0,54.7,7.0,7.0,2.0,0.0,2.0,0.0,2.7,3.3,2.45,data/processed/motherwell/statpacks/2026-08-30_401878393.json
401878387,2026-09-02,2026-09-02T18:45Z,2026-27,sco.1,Scottish Premiership,,,home,Dundee United,dundee-utd,W,ft,3,3,0,1.0,0.0,Fir Park,,Calum Scott,2.14,0.19,25.0,5.0,8.0,1.0,71.4,9.0,3.0,1.0,0.0,0.0,1.0,1.91,3.75,3.6,data/processed/motherwell/statpacks/2026-09-02_401878387.json
401878383,2026-09-05,2026-09-05T14:00Z,2026-27,sco.1,Scottish Premiership,,,away,Rangers,rangers,L,ft,0,0,1,0.0,1.0,Ibrox Stadium,50868.0,Duncan Nicolson,0.51,3.93,8.0,27.0,3.0,6.0,59.0,5.0,7.0,0.0,0.0,0.0,0.0,7.0,4.33,1.41,data/processed/motherwell/statpacks/2026-09-05_401878383.json
401878401,2026-09-15,2026-09-15T18:45Z,2026-27,sco.1,Scottish Premiership,,,home,Aberdeen,aberdeen,L,ft,0,0,4,0.0,1.0,Fir Park,6965.0,Steven Mclean,0.77,0.92,12.0,11.0,5.0,4.0,68.9,5.0,2.0,2.0,0.0,3.0,0.0,1.79,3.8,3.9,data/processed/motherwell/statpacks/2026-09-15_401878401.json
401878380,2026-09-19,2026-09-19T14:00Z,2026-27,sco.1,Scottish Premiership,,,away,Dundee,dundee,L,ft,0,1,2,1.0,2.0,The Scot Foam Stadium at Dens Park,5318.0,Ross Hardie,1.1,1.36,15.0,11.0,4.0,6.0,62.9,9.0,9.0,1.0,0.0,1.0,0.0,2.25,3.4,3.0,data/processed/motherwell/statpacks/2026-09-19_401878380.json
