rank,team,espn_id,played,wins,draws,losses,goal_difference,points,goals_for,goals_against
1,Celtic,256,7,6,0,1,10,18,14,4
2,Rangers,257,7,5,1,1,4,16,8,4
3,Heart of Midlothian,262,7,4,1,2,6,13,14,8
4,Dundee,261,7,3,1,3,2,10,9,7
5,St Mirren,250,7,3,1,3,-1,10,8,9
6,St Johnstone,267,7,2,2,3,-1,8,9,10
7,Aberdeen,263,7,2,2,3,-1,8,7,8
8,Motherwell,266,7,2,2,3,-2,8,9,11
9,Dundee United,264,7,2,2,3,-2,8,9,11
10,Hibernian,258,7,2,1,4,-3,7,8,11
11,Falkirk,254,7,1,3,3,-3,6,6,9
12,Kilmarnock,260,7,1,2,4,-9,5,6,15
