Div,Date,Time,HomeTeam,AwayTeam,FTHG,FTAG,FTR,HTHG,HTAG,HTR,Referee,HS,AS,HST,AST,HF,AF,HC,AC,HY,AY,HR,AR,B365H,B365D,B365A,AvgH,AvgD,AvgA,Avg>2.5,Avg<2.5,date
SC0,05/08/2023,12:30,Celtic,Ross County,4,2,H,3,0,H,N Walsh,18,7,12,2,6,14,4,8,0,4,0,0,1.1,10.0,21.0,1.11,9.64,19.29,1.27,3.6,2023-08-05
SC0,05/08/2023,15:00,Dundee,Motherwell,1,1,D,0,1,A,D Dickinson,17,13,2,3,12,12,7,12,0,2,0,0,2.55,3.3,2.75,2.57,3.3,2.72,1.97,1.82,2023-08-05
SC0,05/08/2023,15:00,Livingston,Aberdeen,0,0,D,0,0,D,J Beaton,12,11,2,0,22,13,7,7,3,4,0,0,2.8,3.25,2.55,2.87,3.26,2.47,2.03,1.77,2023-08-05
SC0,05/08/2023,15:00,St Johnstone,Hearts,0,2,A,0,0,D,S McLean,9,16,3,9,14,13,6,9,2,3,0,0,3.25,3.5,2.2,3.13,3.5,2.2,1.82,1.97,2023-08-05
SC0,05/08/2023,17:15,Kilmarnock,Rangers,1,0,H,0,0,D,W Collum,10,18,3,4,7,10,2,8,0,0,0,0,7.0,5.0,1.4,6.81,4.85,1.41,1.53,2.44,2023-08-05
SC0,06/08/2023,15:00,Hibernian,St Mirren,2,3,A,0,2,A,E Anderson,14,8,7,4,14,7,2,7,2,2,0,0,1.91,3.4,4.2,1.89,3.52,3.98,1.94,1.84,2023-08-06
SC0,12/08/2023,15:00,Rangers,Livingston,4,0,H,1,0,H,D Robertson,21,6,9,2,9,9,5,4,1,1,0,0,1.3,6.0,8.0,1.28,5.75,9.66,1.49,2.55,2023-08-12
SC0,12/08/2023,15:00,Ross County,St Johnstone,2,0,H,1,0,H,W Collum,19,12,8,3,11,14,6,7,2,2,0,0,2.05,3.3,3.8,2.12,3.23,3.61,2.23,1.63,2023-08-12
SC0,12/08/2023,15:00,St Mirren,Dundee,2,1,H,2,0,H,C Steven,15,7,2,4,8,8,4,3,2,3,0,0,2.0,3.4,3.8,2.07,3.37,3.58,2.06,1.74,2023-08-12
SC0,13/08/2023,12:00,Aberdeen,Celtic,1,3,A,1,2,A,K Clancy,11,15,2,10,12,11,9,9,0,2,0,0,7.5,5.5,1.33,7.89,5.39,1.34,1.44,2.7,2023-08-13
SC0,13/08/2023,15:00,Hearts,Kilmarnock,0,0,D,0,0,D,D Dickinson,8,15,1,5,12,15,6,5,3,4,0,0,1.83,3.5,4.5,1.85,3.61,4.11,1.85,1.93,2023-08-13
SC0,13/08/2023,15:00,Motherwell,Hibernian,2,1,H,0,0,D,M MacDermid,10,4,3,1,14,16,5,2,1,4,0,0,2.63,3.4,2.63,2.56,3.32,2.71,2.0,1.78,2023-08-13
SC0,26/08/2023,12:30,Ross County,Rangers,0,2,A,0,2,A,D Munro,8,24,2,9,10,11,4,8,3,1,0,0,7.5,5.5,1.36,8.36,5.24,1.34,1.59,2.34,2023-08-26
SC0,26/08/2023,15:00,Celtic,St Johnstone,0,0,D,0,0,D,M MacDermid,19,5,5,2,9,12,19,1,1,3,0,0,1.05,15.0,29.0,1.04,14.52,35.46,1.28,3.58,2023-08-26
SC0,26/08/2023,15:00,Hibernian,Livingston,2,3,A,0,1,A,C Napier,13,8,3,4,12,10,9,3,2,4,0,0,1.83,3.75,4.2,1.81,3.68,4.26,1.93,1.85,2023-08-26
SC0,26/08/2023,15:00,Motherwell,Kilmarnock,2,1,H,0,1,A,C Graham,13,12,7,3,15,19,1,6,6,3,0,0,2.45,3.2,3.0,2.42,3.24,2.98,2.11,1.72,2023-08-26
SC0,27/08/2023,15:00,Dundee,Hearts,1,0,H,0,0,D,A Muir,12,10,4,5,16,10,3,8,1,1,0,0,2.9,3.4,2.4,2.89,3.42,2.37,1.91,1.88,2023-08-27
SC0,27/08/2023,15:00,St Mirren,Aberdeen,2,2,D,0,1,A,J Beaton,13,4,6,2,9,14,4,3,2,2,0,0,2.3,3.2,3.25,2.3,3.28,3.11,2.03,1.77,2023-08-27
SC0,02/09/2023,15:00,Kilmarnock,Ross County,0,1,A,0,0,D,K Clancy,15,9,4,4,9,17,14,2,0,5,0,0,1.85,3.6,4.2,1.86,3.54,4.13,2.02,1.78,2023-09-02
SC0,02/09/2023,15:00,Livingston,St Mirren,1,1,D,0,0,D,N Walsh,13,8,2,4,17,13,6,2,3,1,0,0,2.7,3.2,2.7,2.83,3.06,2.63,2.34,1.58,2023-09-02
SC0,02/09/2023,15:00,St Johnstone,Dundee,2,2,D,0,1,A,W Collum,8,12,3,4,13,11,4,6,3,0,0,0,2.7,3.25,2.7,2.66,3.23,2.67,2.13,1.69,2023-09-02
SC0,03/09/2023,12:00,Rangers,Celtic,0,1,A,0,1,A,D Robertson,17,7,3,5,15,15,6,2,1,1,0,0,2.4,3.75,2.7,2.38,3.61,2.74,1.59,2.32,2023-09-03
SC0,03/09/2023,15:00,Aberdeen,Hibernian,0,2,A,0,0,D,D Munro,10,15,3,7,15,11,7,5,2,4,0,0,2.3,3.4,3.1,2.27,3.36,3.1,1.94,1.85,2023-09-03
SC0,03/09/2023,15:00,Hearts,Motherwell,0,1,A,0,1,A,G Irvine,18,8,1,4,10,16,16,5,1,2,0,1,2.0,3.5,3.75,2.0,3.53,3.59,1.86,1.92,2023-09-03
SC0,16/09/2023,12:30,St Johnstone,Rangers,0,2,A,0,1,A,N Walsh,3,20,0,6,13,13,3,5,5,2,0,0,12.0,6.5,1.22,11.47,6.11,1.23,1.53,2.44,2023-09-16
SC0,16/09/2023,15:00,Celtic,Dundee,3,0,H,0,0,D,G Irvine,19,4,7,1,6,7,9,1,0,0,0,0,1.11,9.0,21.0,1.12,9.16,18.29,1.34,3.16,2023-09-16
SC0,16/09/2023,15:00,Hearts,Aberdeen,2,0,H,1,0,H,K Clancy,12,11,4,5,11,12,9,3,4,2,0,0,2.1,3.5,3.4,2.1,3.53,3.32,1.76,2.05,2023-09-16
SC0,16/09/2023,15:00,Kilmarnock,Hibernian,2,2,D,0,1,A,D Dickinson,16,11,5,4,16,8,4,4,5,4,0,0,2.55,3.3,2.75,2.54,3.29,2.75,2.0,1.79,2023-09-16
SC0,16/09/2023,15:00,Motherwell,St Mirren,0,1,A,0,0,D,M MacDermid,20,9,7,3,6,18,8,3,0,5,0,0,2.25,3.25,3.3,2.3,3.18,3.21,2.29,1.6,2023-09-16
SC0,16/09/2023,15:00,Ross County,Livingston,1,1,D,0,0,D,E Anderson,16,5,5,2,14,13,6,2,0,3,0,0,2.38,3.2,3.1,2.39,3.27,2.97,2.04,1.76,2023-09-16
SC0,23/09/2023,12:30,Livingston,Celtic,0,3,A,0,1,A,J Beaton,15,14,4,7,17,6,2,4,5,2,0,1,9.5,6.5,1.25,10.28,5.96,1.26,1.51,2.5,2023-09-23
SC0,23/09/2023,15:00,Dundee,Kilmarnock,2,2,D,1,1,D,D Munro,10,23,3,3,8,12,4,7,1,3,1,0,2.55,3.3,2.8,2.51,3.24,2.84,2.11,1.71,2023-09-23
SC0,23/09/2023,15:00,Hibernian,St Johnstone,2,0,H,1,0,H,K Clancy,17,12,8,1,9,10,4,4,1,3,0,0,1.6,4.0,5.75,1.59,4.03,5.48,1.88,1.9,2023-09-23
SC0,23/09/2023,15:00,St Mirren,Hearts,1,0,H,1,0,H,N Walsh,13,11,5,3,13,12,4,8,2,1,0,0,2.7,3.3,2.7,2.62,3.19,2.74,2.11,1.71,2023-09-23
SC0,24/09/2023,15:00,Aberdeen,Ross County,4,0,H,2,0,H,D Robertson,13,11,6,2,9,10,5,5,0,4,0,0,1.95,3.5,4.0,1.95,3.48,3.83,1.91,1.87,2023-09-24
SC0,24/09/2023,15:00,Rangers,Motherwell,1,0,H,1,0,H,A Muir,17,9,7,4,14,15,2,2,2,2,0,0,1.25,6.0,12.0,1.23,6.2,11.6,1.55,2.41,2023-09-24
SC0,30/09/2023,12:30,Motherwell,Celtic,1,2,A,0,0,D,W Collum,10,24,4,6,12,11,4,6,3,1,0,0,9.5,5.5,1.3,9.69,5.54,1.29,1.58,2.34,2023-09-30
SC0,30/09/2023,15:00,Hibernian,Dundee,0,0,D,0,0,D,J Beaton,23,11,9,2,7,10,14,1,1,4,0,0,1.73,3.75,4.75,1.75,3.88,4.3,1.72,2.08,2023-09-30
SC0,30/09/2023,15:00,Kilmarnock,St Mirren,1,1,D,1,1,D,C Graham,12,8,2,3,15,16,7,6,2,3,0,0,2.3,3.25,3.1,2.36,3.26,3.04,2.19,1.66,2023-09-30
SC0,30/09/2023,15:00,Rangers,Aberdeen,1,3,A,0,1,A,S McLean,18,14,5,6,18,4,5,8,2,1,1,0,1.29,5.25,10.0,1.26,5.86,10.26,1.47,2.61,2023-09-30
SC0,30/09/2023,15:00,Ross County,Hearts,0,1,A,0,0,D,D Dickinson,9,17,1,3,15,10,5,5,3,2,0,0,3.25,3.5,2.2,3.16,3.5,2.19,1.78,2.01,2023-09-30
SC0,30/09/2023,15:00,St Johnstone,Livingston,1,1,D,1,0,H,G Grainger,12,7,2,3,14,14,5,2,2,2,1,0,2.5,3.3,2.88,2.58,3.09,2.85,2.33,1.59,2023-09-30
SC0,07/10/2023,15:00,Celtic,Kilmarnock,3,1,H,2,0,H,M MacDermid,27,6,12,1,9,7,11,1,2,2,0,0,1.18,7.5,13.0,1.19,7.07,12.94,1.44,2.71,2023-10-07
SC0,07/10/2023,15:00,Hearts,Hibernian,2,2,D,1,0,H,W Collum,21,17,5,3,12,9,7,4,2,1,0,0,2.25,3.5,3.1,2.27,3.44,3.03,1.83,1.95,2023-10-07
SC0,07/10/2023,15:00,Livingston,Motherwell,2,0,H,0,0,D,D Robertson,11,3,3,2,12,15,3,5,1,3,0,1,2.8,3.2,2.63,2.77,3.16,2.6,2.21,1.65,2023-10-07
SC0,08/10/2023,12:00,St Mirren,Rangers,0,3,A,0,1,A,N Walsh,3,13,0,8,8,16,3,10,1,2,1,0,6.0,4.5,1.5,5.92,4.43,1.49,1.62,2.23,2023-10-08
SC0,08/10/2023,15:00,Aberdeen,St Johnstone,0,0,D,0,0,D,D Munro,10,9,3,0,11,11,5,3,0,2,0,0,1.57,4.0,6.0,1.59,3.87,5.6,1.92,1.85,2023-10-08
SC0,21/10/2023,15:00,Kilmarnock,Livingston,3,1,H,2,1,H,C Napier,13,8,5,1,9,10,5,4,2,1,0,0,1.95,3.4,4.0,1.92,3.45,4.03,2.16,1.67,2023-10-21
SC0,21/10/2023,15:00,Rangers,Hibernian,4,0,H,2,0,H,D Robertson,23,7,8,1,12,5,5,4,1,2,0,0,1.36,5.25,8.0,1.36,5.03,7.89,1.57,2.35,2023-10-21
SC0,22/10/2023,14:15,Hearts,Celtic,1,4,A,0,2,A,N Walsh,13,19,6,7,16,11,3,5,2,1,0,0,6.5,4.75,1.45,6.1,4.67,1.46,1.55,2.39,2023-10-22
SC0,24/10/2023,19:45,Dundee,Ross County,0,0,D,0,0,D,C Steven,15,6,9,4,7,13,7,4,1,6,0,0,2.0,3.5,3.6,2.0,3.48,3.65,1.91,1.87,2023-10-24
SC0,28/10/2023,15:00,Hibernian,Celtic,0,0,D,0,0,D,A Muir,6,21,1,4,4,12,3,6,0,2,0,0,6.0,5.0,1.45,6.08,4.69,1.47,1.54,2.42,2023-10-28
SC0,28/10/2023,15:00,Livingston,Dundee,0,2,A,0,0,D,W Collum,4,18,0,7,13,15,1,5,0,0,1,0,2.45,3.3,2.9,2.46,3.21,2.94,2.2,1.65,2023-10-28
SC0,28/10/2023,15:00,Motherwell,Ross County,3,3,D,0,0,D,G Grainger,13,13,3,6,10,9,6,4,2,2,0,0,1.91,3.75,3.8,1.92,3.57,3.88,1.97,1.81,2023-10-28
SC0,28/10/2023,15:00,St Mirren,St Johnstone,4,0,H,1,0,H,D Dickinson,9,14,5,3,9,5,4,8,2,0,0,0,1.57,3.8,7.0,1.57,3.88,6.15,2.09,1.72,2023-10-28
SC0,29/10/2023,12:00,Kilmarnock,Aberdeen,2,0,H,1,0,H,K Clancy,19,5,8,1,12,14,9,3,1,3,0,0,2.55,3.2,2.88,2.48,3.23,2.87,2.12,1.7,2023-10-29
SC0,29/10/2023,15:00,Rangers,Hearts,2,1,H,0,1,A,J Beaton,28,5,5,1,6,13,11,2,1,5,0,0,1.3,6.0,8.5,1.3,5.51,8.95,1.52,2.47,2023-10-29
SC0,31/10/2023,19:45,Hibernian,Ross County,2,2,D,1,0,H,G Irvine,7,8,2,3,12,16,5,5,1,2,0,0,1.57,4.33,5.5,1.55,4.14,5.77,1.8,1.98,2023-10-31
SC0,01/11/2023,19:45,Celtic,St Mirren,2,1,H,1,1,D,J Beaton,23,6,8,2,9,12,12,2,2,2,0,0,1.2,7.0,13.0,1.2,6.72,12.76,1.49,2.53,2023-11-01
SC0,01/11/2023,19:45,Dundee,Rangers,0,5,A,0,1,A,K Clancy,9,32,4,11,13,3,6,7,4,1,0,0,8.0,4.75,1.4,7.37,4.85,1.4,1.56,2.37,2023-11-01
SC0,01/11/2023,19:45,Hearts,Livingston,1,0,H,0,0,D,C Graham,25,3,10,0,9,12,12,1,2,4,0,0,1.62,4.0,5.25,1.64,3.8,5.33,2.01,1.78,2023-11-01
SC0,01/11/2023,19:45,Motherwell,Aberdeen,2,4,A,0,2,A,C Steven,9,15,2,6,14,6,1,4,6,1,0,0,2.45,3.4,2.88,2.49,3.35,2.79,1.91,1.87,2023-11-01
SC0,01/11/2023,19:45,St Johnstone,Kilmarnock,2,1,H,2,0,H,C Scott,15,23,4,5,13,9,5,12,2,2,1,0,3.5,3.2,2.2,3.31,3.22,2.24,2.16,1.67,2023-11-01
SC0,04/11/2023,12:30,Ross County,Celtic,0,3,A,0,1,A,D Munro,3,39,0,16,9,10,2,13,0,1,1,0,15.0,6.5,1.2,12.56,6.4,1.21,1.46,2.64,2023-11-04
SC0,04/11/2023,15:00,Kilmarnock,Motherwell,1,0,H,0,0,D,M MacDermid,20,11,8,1,9,12,9,3,2,1,0,0,2.2,3.6,3.2,2.16,3.39,3.3,2.09,1.72,2023-11-04
SC0,05/11/2023,14:00,Dundee,Livingston,1,0,H,0,0,D,A Muir,10,16,3,3,14,14,5,12,2,3,0,0,2.05,3.3,3.8,2.07,3.31,3.61,2.11,1.71,2023-11-05
SC0,07/11/2023,19:45,St Johnstone,Motherwell,2,2,D,2,0,H,E Anderson,10,11,3,5,11,18,6,7,1,2,0,0,2.75,3.2,2.63,2.76,3.1,2.66,2.18,1.66,2023-11-07
SC0,08/11/2023,19:45,St Mirren,Hibernian,2,2,D,0,1,A,S McLean,18,9,4,4,9,9,3,1,3,2,0,0,2.45,3.3,2.9,2.5,3.25,2.83,2.03,1.76,2023-11-08
SC0,11/11/2023,15:00,Dundee,St Mirren,4,0,H,2,0,H,M MacDermid,11,5,7,0,6,12,7,4,1,1,0,0,2.25,3.3,3.25,2.26,3.26,3.22,2.09,1.72,2023-11-11
SC0,11/11/2023,15:00,Hibernian,Kilmarnock,1,0,H,1,0,H,D Dickinson,7,9,5,1,6,14,5,10,2,5,0,0,2.15,3.5,3.4,2.13,3.41,3.35,1.95,1.83,2023-11-11
SC0,11/11/2023,15:00,Motherwell,Hearts,1,2,A,0,1,A,D Munro,8,14,1,3,13,12,4,10,4,2,0,0,3.0,3.3,2.4,2.92,3.34,2.38,1.93,1.84,2023-11-11
SC0,11/11/2023,15:00,St Johnstone,Ross County,1,0,H,0,0,D,N Walsh,10,8,3,2,11,13,3,4,4,3,0,0,2.7,3.25,2.7,2.68,3.24,2.64,2.11,1.71,2023-11-11
SC0,12/11/2023,12:00,Livingston,Rangers,0,2,A,0,1,A,S McLean,4,18,1,6,14,7,3,9,1,1,0,0,10.0,5.75,1.29,10.07,5.54,1.28,1.59,2.31,2023-11-12
SC0,12/11/2023,14:30,Celtic,Aberdeen,6,0,H,2,0,H,W Collum,21,3,10,1,5,8,11,0,0,3,0,0,1.25,6.0,13.0,1.22,6.53,11.74,1.45,2.68,2023-11-12
SC0,25/11/2023,15:00,Celtic,Motherwell,1,1,D,0,0,D,S McLean,20,6,4,2,8,9,13,2,1,4,0,0,1.14,7.5,19.0,1.13,8.44,17.37,1.37,3.0,2023-11-25
SC0,25/11/2023,15:00,Dundee,Hibernian,1,2,A,0,1,A,D Robertson,19,10,7,3,6,9,7,3,2,1,0,1,2.55,3.4,2.63,2.61,3.27,2.69,1.98,1.81,2023-11-25
SC0,25/11/2023,15:00,Hearts,St Johnstone,1,0,H,0,0,D,J Beaton,18,10,4,3,5,17,6,5,2,2,0,0,1.55,4.2,5.75,1.56,4.01,5.94,1.88,1.9,2023-11-25
SC0,25/11/2023,15:00,Ross County,Kilmarnock,0,0,D,0,0,D,C Steven,15,13,5,1,10,9,9,5,1,0,0,0,2.8,3.3,2.5,2.87,3.24,2.48,2.14,1.69,2023-11-25
SC0,25/11/2023,15:00,St Mirren,Livingston,1,0,H,1,0,H,D Munro,15,11,1,1,13,10,7,3,1,0,0,0,1.73,3.6,5.0,1.76,3.56,4.71,2.16,1.68,2023-11-25
SC0,26/11/2023,12:00,Aberdeen,Rangers,1,1,D,1,0,H,N Walsh,5,22,4,10,16,11,0,5,4,1,0,0,6.5,4.33,1.5,5.74,4.35,1.52,1.6,2.3,2023-11-26
SC0,28/11/2023,19:45,Ross County,St Mirren,1,0,H,0,0,D,W Collum,6,6,2,1,11,14,7,5,0,2,0,0,2.75,3.0,2.8,2.72,3.06,2.74,2.38,1.56,2023-11-28
SC0,02/12/2023,15:00,Kilmarnock,Hearts,0,1,A,0,1,A,D Dickinson,17,11,3,1,14,12,7,3,2,1,0,0,2.8,3.4,2.4,2.85,3.32,2.45,1.98,1.8,2023-12-02
SC0,02/12/2023,15:00,Motherwell,Dundee,3,3,D,1,2,A,I Snedden,9,16,4,4,6,9,4,4,3,2,1,0,2.25,3.3,3.2,2.26,3.33,3.16,2.01,1.76,2023-12-02
SC0,03/12/2023,12:00,St Johnstone,Celtic,1,3,A,1,0,H,D Robertson,5,25,3,7,8,7,2,12,2,1,0,0,13.0,6.5,1.22,11.95,6.59,1.21,1.49,2.56,2023-12-03
SC0,03/12/2023,15:00,Hibernian,Aberdeen,2,0,H,1,0,H,W Collum,11,23,3,5,13,13,6,6,3,2,0,0,2.0,3.6,3.6,2.05,3.49,3.5,1.88,1.9,2023-12-03
SC0,03/12/2023,15:00,Rangers,St Mirren,2,0,H,1,0,H,M MacDermid,21,4,6,3,9,8,8,5,1,3,0,0,1.22,6.0,15.0,1.2,6.48,13.15,1.55,2.4,2023-12-03
SC0,05/12/2023,19:45,Ross County,Motherwell,3,0,H,2,0,H,D Dickinson,13,14,6,4,14,9,6,3,1,2,1,0,2.25,3.2,3.5,2.3,3.12,3.3,2.24,1.63,2023-12-05
SC0,06/12/2023,19:45,Aberdeen,Kilmarnock,0,1,A,0,0,D,M MacDermid,18,8,3,2,11,21,4,5,3,1,0,0,2.3,3.3,3.2,2.32,3.27,3.08,2.11,1.71,2023-12-06
SC0,06/12/2023,19:45,Celtic,Hibernian,4,1,H,2,0,H,J Beaton,26,6,12,3,10,8,11,4,2,2,0,0,1.2,7.0,12.0,1.2,6.77,11.99,1.46,2.63,2023-12-06
SC0,06/12/2023,19:45,St Johnstone,St Mirren,1,0,H,0,0,D,K Clancy,11,13,5,5,9,10,0,7,2,1,0,0,3.0,3.2,2.45,3.01,3.08,2.47,2.47,1.52,2023-12-06
SC0,06/12/2023,20:00,Hearts,Rangers,0,1,A,0,1,A,W Collum,12,22,5,5,13,11,6,5,3,1,0,0,6.0,4.33,1.53,5.7,4.33,1.52,1.65,2.2,2023-12-06
SC0,09/12/2023,15:00,Aberdeen,Hearts,2,1,H,0,1,A,C Graham,14,5,6,3,13,20,3,8,3,7,0,0,2.6,3.5,2.63,2.59,3.39,2.62,1.9,1.87,2023-12-09
SC0,09/12/2023,15:00,Livingston,Hibernian,0,1,A,0,1,A,G Irvine,14,4,3,2,11,13,6,0,3,1,0,0,3.6,3.3,2.1,3.4,3.37,2.12,1.99,1.79,2023-12-09
SC0,09/12/2023,15:00,Motherwell,St Johnstone,1,1,D,0,0,D,E Anderson,17,11,8,2,11,11,3,2,0,0,0,0,2.15,3.3,3.5,2.14,3.22,3.55,2.25,1.62,2023-12-09
SC0,09/12/2023,15:00,Rangers,Dundee,3,1,H,3,1,H,K Clancy,20,9,9,3,12,9,5,7,1,3,1,0,1.17,7.0,19.0,1.16,7.44,16.25,1.45,2.66,2023-12-09
SC0,09/12/2023,15:00,St Mirren,Ross County,2,0,H,0,0,D,C Scott,15,9,6,2,9,12,10,4,2,0,0,0,2.15,3.3,3.5,2.19,3.17,3.47,2.4,1.55,2023-12-09
SC0,10/12/2023,12:00,Kilmarnock,Celtic,2,1,H,0,1,A,D Munro,13,16,6,7,14,12,5,9,3,1,0,0,6.5,6.0,1.36,8.05,5.14,1.35,1.63,2.24,2023-12-10
SC0,16/12/2023,15:00,Celtic,Hearts,0,2,A,0,2,A,K Clancy,22,5,5,2,12,3,18,3,1,0,0,0,1.25,6.5,10.0,1.24,6.24,10.44,1.43,2.75,2023-12-16
SC0,16/12/2023,15:00,Livingston,Kilmarnock,0,0,D,0,0,D,W Collum,8,11,1,3,17,11,0,8,2,1,0,0,3.4,3.3,2.2,3.41,3.2,2.2,2.25,1.62,2023-12-16
SC0,16/12/2023,15:00,Ross County,Dundee,0,1,A,0,0,D,C Steven,10,17,3,3,10,10,2,9,1,2,0,0,2.3,3.3,3.1,2.27,3.26,3.19,2.06,1.74,2023-12-16
SC0,16/12/2023,15:00,St Johnstone,Hibernian,1,0,H,0,0,D,G Grainger,14,3,7,0,10,8,5,5,2,3,0,0,3.5,3.3,2.15,3.41,3.28,2.16,2.11,1.71,2023-12-16
SC0,16/12/2023,15:00,St Mirren,Motherwell,0,0,D,0,0,D,C Napier,11,8,3,4,11,11,6,4,1,1,0,0,1.95,3.4,4.0,2.0,3.3,3.87,2.28,1.61,2023-12-16
SC0,20/12/2023,19:45,Aberdeen,Livingston,2,1,H,1,1,D,N Walsh,11,11,6,4,8,15,1,3,0,3,0,0,1.7,4.33,4.33,1.69,3.8,4.86,2.01,1.78,2023-12-20
SC0,20/12/2023,19:45,Rangers,St Johnstone,2,0,H,1,0,H,A Muir,28,2,8,0,7,11,10,2,2,2,0,1,1.13,8.5,19.0,1.12,8.49,19.73,1.44,2.67,2023-12-20
SC0,23/12/2023,15:00,Celtic,Livingston,2,0,H,0,0,D,M MacDermid,22,0,7,0,5,4,14,0,0,1,0,0,1.1,9.0,26.0,1.09,9.62,23.96,1.39,2.91,2023-12-23
SC0,23/12/2023,15:00,Hearts,St Mirren,2,0,H,1,0,H,N Walsh,12,11,6,4,16,9,8,6,2,3,0,0,1.95,3.4,4.2,1.95,3.4,3.92,2.12,1.69,2023-12-23
SC0,23/12/2023,15:00,Kilmarnock,St Johnstone,2,1,H,2,0,H,J Beaton,14,9,5,4,12,8,5,1,0,1,0,0,1.73,3.6,5.25,1.73,3.55,4.94,2.22,1.64,2023-12-23
SC0,24/12/2023,12:00,Motherwell,Rangers,0,2,A,0,2,A,D Dickinson,7,14,0,6,16,10,3,5,3,1,0,0,9.5,5.25,1.33,8.82,5.2,1.32,1.61,2.27,2023-12-24
SC0,26/12/2023,15:00,Dundee,Celtic,0,3,A,0,0,D,D Robertson,5,38,1,7,3,9,1,23,1,1,0,0,11.0,5.5,1.29,9.55,5.74,1.28,1.5,2.52,2023-12-26
SC0,27/12/2023,19:45,Livingston,St Johnstone,0,0,D,0,0,D,K Clancy,14,4,3,2,12,12,6,3,2,2,0,0,2.38,3.25,3.2,2.34,3.11,3.21,2.51,1.51,2023-12-27
SC0,27/12/2023,19:45,St Mirren,Kilmarnock,0,1,A,0,1,A,E Anderson,11,12,6,3,7,10,4,4,3,2,0,0,2.75,3.0,2.8,2.65,3.06,2.79,2.35,1.57,2023-12-27
SC0,27/12/2023,20:00,Hibernian,Hearts,0,1,A,0,0,D,J Beaton,16,10,3,3,11,10,6,5,2,3,0,0,2.45,3.5,2.7,2.45,3.38,2.78,1.89,1.88,2023-12-27
SC0,30/12/2023,12:30,Celtic,Rangers,2,1,H,1,0,H,N Walsh,12,14,5,3,18,14,4,2,7,3,0,1,2.15,3.6,3.1,2.15,3.51,3.23,1.8,1.99,2023-12-30
SC0,30/12/2023,15:00,Aberdeen,St Mirren,0,3,A,0,1,A,G Irvine,18,10,3,5,9,11,13,2,1,0,0,0,1.91,3.5,4.0,1.95,3.4,3.97,2.13,1.69,2023-12-30
SC0,30/12/2023,15:00,Hearts,Ross County,2,2,D,0,0,D,A Muir,20,14,7,2,14,14,9,5,2,2,0,0,1.7,3.8,5.0,1.7,3.71,4.93,1.99,1.8,2023-12-30
SC0,30/12/2023,15:00,Kilmarnock,Dundee,2,2,D,0,1,A,D Dickinson,11,7,4,2,12,10,7,8,2,1,0,0,1.83,3.6,4.5,1.83,3.53,4.38,2.04,1.75,2023-12-30
SC0,30/12/2023,15:00,Motherwell,Livingston,3,1,H,3,1,H,C Graham,7,10,4,1,12,14,4,3,4,3,0,0,2.0,3.4,4.0,1.99,3.32,3.9,2.21,1.64,2023-12-30
SC0,02/01/2024,15:00,Hibernian,Motherwell,2,2,D,1,1,D,D Robertson,12,9,3,4,10,10,7,3,2,2,0,0,1.91,3.4,4.0,1.97,3.46,3.78,1.93,1.85,2024-01-02
SC0,02/01/2024,15:00,Livingston,Hearts,1,2,A,0,0,D,D Dickinson,10,10,3,5,12,16,2,3,1,3,0,0,4.0,3.6,1.91,4.08,3.45,1.91,2.26,1.62,2024-01-02
SC0,02/01/2024,15:00,Rangers,Kilmarnock,3,1,H,2,0,H,J Beaton,18,6,6,2,10,13,7,5,1,3,0,0,1.25,7.0,9.5,1.23,6.14,12.16,1.58,2.33,2024-01-02
SC0,02/01/2024,15:00,Ross County,Aberdeen,0,3,A,0,2,A,M MacDermid,5,16,3,7,14,9,4,5,4,3,1,0,3.3,3.25,2.3,3.21,3.27,2.26,2.08,1.73,2024-01-02
SC0,02/01/2024,17:00,St Mirren,Celtic,0,3,A,0,2,A,D Munro,3,24,0,11,9,8,1,12,0,0,1,0,13.0,6.0,1.25,12.1,6.0,1.23,1.58,2.33,2024-01-02
SC0,23/01/2024,19:45,Hearts,Dundee,3,2,H,0,2,A,C Graham,15,8,6,4,10,12,7,1,1,6,0,0,1.73,3.75,5.0,1.73,3.74,4.65,1.89,1.88,2024-01-23
SC0,24/01/2024,19:45,Hibernian,Rangers,0,3,A,0,2,A,S McLean,9,22,3,8,6,7,4,10,1,0,0,0,9.0,4.5,1.4,7.91,4.69,1.38,1.72,2.08,2024-01-24
SC0,24/01/2024,19:45,St Johnstone,Aberdeen,1,1,D,0,0,D,J Beaton,14,8,5,4,20,8,1,4,4,1,0,0,4.0,3.3,2.0,3.84,3.4,1.96,2.09,1.72,2024-01-24
SC0,27/01/2024,12:30,St Mirren,Rangers,0,1,A,0,1,A,D Dickinson,7,10,2,2,10,9,4,3,0,2,0,0,9.0,6.0,1.3,9.19,5.28,1.31,1.69,2.14,2024-01-27
SC0,27/01/2024,15:00,Celtic,Ross County,1,0,H,1,0,H,E Anderson,17,7,7,1,12,14,7,7,1,1,0,0,1.11,9.0,26.0,1.09,9.66,23.2,1.35,3.07,2024-01-27
SC0,27/01/2024,15:00,Hearts,Aberdeen,2,0,H,0,0,D,K Clancy,15,16,5,1,10,14,7,7,1,2,0,0,2.15,3.4,3.4,2.13,3.34,3.42,2.03,1.76,2024-01-27
SC0,27/01/2024,15:00,Kilmarnock,Hibernian,2,2,D,1,0,H,G Irvine,12,15,1,5,15,11,7,3,2,1,1,0,2.0,3.4,3.8,2.05,3.39,3.58,2.03,1.76,2024-01-27
SC0,27/01/2024,15:00,Livingston,Dundee,1,4,A,0,1,A,R Hardie,15,7,3,5,7,14,5,3,0,1,0,1,2.88,3.0,2.7,2.81,3.08,2.62,2.24,1.63,2024-01-27
SC0,27/01/2024,15:00,St Johnstone,Motherwell,1,1,D,1,1,D,C Steven,7,11,4,2,13,16,0,6,2,3,0,0,2.5,3.25,2.9,2.51,3.14,2.9,2.25,1.62,2024-01-27
SC0,30/01/2024,19:45,Aberdeen,Dundee,1,1,D,1,0,H,N Walsh,10,9,4,3,13,17,0,3,2,3,0,0,1.73,3.6,5.0,1.71,3.72,4.82,1.86,1.92,2024-01-30
SC0,30/01/2024,19:45,Livingston,Ross County,2,2,D,1,1,D,A Muir,13,10,4,4,10,16,5,3,1,2,0,0,2.38,3.2,3.2,2.35,3.06,3.25,2.48,1.52,2024-01-30
SC0,03/02/2024,12:30,Aberdeen,Celtic,1,1,D,0,0,D,S McLean,7,22,3,4,6,9,1,12,3,1,0,0,7.5,5.0,1.4,7.43,4.97,1.38,1.53,2.43,2024-02-03
SC0,03/02/2024,15:00,Dundee,Hearts,2,3,A,1,0,H,G Grainger,14,18,8,6,7,6,8,5,3,1,0,0,3.0,3.6,2.25,3.1,3.47,2.21,1.87,1.91,2024-02-03
SC0,03/02/2024,15:00,Hibernian,St Mirren,0,3,A,0,3,A,W Collum,6,13,1,5,11,17,6,7,3,3,0,0,2.0,3.3,4.0,2.01,3.37,3.72,2.12,1.71,2024-02-03
SC0,03/02/2024,15:00,Motherwell,Kilmarnock,1,1,D,1,1,D,D Robertson,11,3,4,1,11,15,6,5,2,5,0,0,3.0,3.2,2.38,2.94,3.28,2.39,1.99,1.8,2024-02-03
SC0,03/02/2024,15:00,Rangers,Livingston,3,0,H,2,0,H,J Beaton,32,0,8,0,9,6,14,0,0,0,0,0,1.08,11.0,26.0,1.09,9.59,24.54,1.46,2.65,2024-02-03
SC0,03/02/2024,15:00,Ross County,St Johnstone,0,1,A,0,1,A,C Napier,12,8,5,2,11,7,8,4,3,1,0,0,2.25,3.1,3.5,2.3,3.07,3.31,2.42,1.54,2024-02-03
SC0,06/02/2024,19:45,Motherwell,Ross County,5,0,H,3,0,H,M MacDermid,17,12,8,2,10,11,3,6,2,2,0,0,1.95,3.4,4.0,1.99,3.34,3.84,2.15,1.68,2024-02-06
SC0,06/02/2024,20:00,Rangers,Aberdeen,2,1,H,1,1,D,D Robertson,23,9,7,4,7,10,13,2,0,2,1,0,1.22,6.5,12.0,1.23,6.15,11.95,1.52,2.47,2024-02-06
SC0,07/02/2024,19:45,Kilmarnock,Livingston,1,0,H,0,0,D,D Dickinson,12,11,6,4,8,9,9,2,0,2,0,0,1.6,4.2,5.5,1.6,3.83,5.7,2.07,1.74,2024-02-07
SC0,07/02/2024,19:45,St Johnstone,Hearts,0,1,A,0,0,D,I Snedden,10,8,2,4,9,10,2,4,4,1,0,0,3.8,3.6,1.95,3.76,3.36,2.0,2.16,1.67,2024-02-07
SC0,07/02/2024,19:45,St Mirren,Dundee,2,0,H,0,0,D,S McLean,19,5,6,0,9,9,6,5,0,1,1,0,2.3,3.4,3.1,2.28,3.28,3.14,2.12,1.7,2024-02-07
SC0,07/02/2024,20:00,Hibernian,Celtic,1,2,A,0,1,A,N Walsh,12,8,4,3,14,18,4,5,4,2,0,0,8.5,5.0,1.36,7.95,5.2,1.34,1.51,2.5,2024-02-07
SC0,11/02/2024,14:00,Dundee,St Johnstone,2,1,H,0,1,A,D Munro,26,15,6,3,6,15,13,7,4,3,0,0,2.0,3.3,4.0,2.02,3.28,3.73,2.23,1.62,2024-02-11
SC0,14/02/2024,19:45,Aberdeen,Motherwell,3,3,D,2,3,A,K Clancy,14,11,7,7,6,14,7,3,2,4,0,0,1.95,3.6,4.0,1.93,3.53,3.84,1.94,1.85,2024-02-14
SC0,14/02/2024,19:45,Rangers,Ross County,3,1,H,2,1,H,A Muir,43,5,23,1,10,12,20,3,1,3,0,0,1.09,11.0,21.0,1.08,10.34,25.36,1.4,2.86,2024-02-14
SC0,17/02/2024,15:00,Aberdeen,Hibernian,2,2,D,1,1,D,D Munro,22,7,12,6,13,14,4,2,1,3,0,0,2.2,3.5,3.2,2.22,3.43,3.12,1.85,1.93,2024-02-17
SC0,17/02/2024,15:00,Celtic,Kilmarnock,1,1,D,1,0,H,J Beaton,15,13,5,6,12,8,8,4,0,3,0,0,1.22,7.0,11.0,1.21,6.53,12.49,1.48,2.56,2024-02-17
SC0,17/02/2024,15:00,Dundee,Ross County,2,0,H,1,0,H,C Scott,14,17,4,3,9,15,6,2,2,2,0,0,1.75,4.0,4.33,1.79,3.7,4.3,1.85,1.93,2024-02-17
SC0,17/02/2024,15:00,Hearts,Motherwell,2,0,H,0,0,D,C Graham,22,10,7,3,9,14,9,7,1,2,0,0,1.73,3.7,5.0,1.71,3.73,4.84,1.98,1.81,2024-02-17
SC0,17/02/2024,15:00,Livingston,St Mirren,1,0,H,1,0,H,E Anderson,6,21,3,3,12,11,4,9,1,1,0,0,3.0,3.3,2.4,3.08,3.14,2.38,2.43,1.54,2024-02-17
SC0,18/02/2024,12:00,St Johnstone,Rangers,0,3,A,0,1,A,M MacDermid,4,15,0,5,24,6,3,1,3,0,0,0,9.0,7.0,1.25,11.44,6.06,1.23,1.56,2.35,2024-02-18
SC0,24/02/2024,15:00,Hibernian,Dundee,2,1,H,1,0,H,J Beaton,16,7,9,1,11,11,10,2,0,2,0,0,2.05,3.6,3.5,2.06,3.57,3.39,1.74,2.06,2024-02-24
SC0,24/02/2024,15:00,Kilmarnock,Aberdeen,2,0,H,1,0,H,G Grainger,20,9,9,1,17,15,5,3,1,0,0,0,2.15,3.4,3.4,2.15,3.39,3.29,1.95,1.83,2024-02-24
SC0,24/02/2024,15:00,Rangers,Hearts,5,0,H,3,0,H,N Walsh,17,11,12,5,17,9,4,2,2,2,0,0,1.29,5.5,11.0,1.27,5.67,9.82,1.53,2.43,2024-02-24
SC0,24/02/2024,15:00,Ross County,Livingston,3,2,H,2,0,H,D Dickinson,12,18,6,6,11,15,6,4,2,1,0,0,2.25,3.25,3.4,2.23,3.23,3.28,2.14,1.68,2024-02-24
SC0,24/02/2024,15:00,St Mirren,St Johnstone,2,0,H,1,0,H,G Irvine,15,5,5,2,10,12,5,6,1,2,0,0,1.8,3.25,5.25,1.83,3.29,4.71,2.5,1.51,2024-02-24
SC0,25/02/2024,12:00,Motherwell,Celtic,1,3,A,1,0,H,W Collum,10,18,3,7,7,10,4,4,1,2,0,0,8.0,5.75,1.33,8.4,5.39,1.32,1.52,2.47,2024-02-25
SC0,27/02/2024,20:00,Ross County,St Mirren,1,1,D,1,0,H,C Graham,6,9,1,3,13,6,3,4,2,2,0,0,3.75,3.2,2.15,3.55,3.21,2.14,2.32,1.59,2024-02-27
SC0,28/02/2024,19:45,Aberdeen,St Johnstone,0,2,A,0,1,A,D Robertson,17,8,5,4,7,11,11,7,0,4,0,0,1.62,3.75,6.0,1.66,3.74,5.26,1.99,1.8,2024-02-28
SC0,28/02/2024,19:45,Celtic,Dundee,7,1,H,6,0,H,M MacDermid,17,9,10,2,7,5,5,5,2,1,0,1,1.2,7.0,13.0,1.19,6.83,12.73,1.42,2.77,2024-02-28
SC0,28/02/2024,19:45,Hearts,Hibernian,1,1,D,1,1,D,K Clancy,14,21,2,5,8,9,4,9,2,1,0,0,1.91,3.6,4.0,1.9,3.64,3.81,1.79,2.0,2024-02-28
SC0,28/02/2024,19:45,Kilmarnock,Rangers,1,2,A,1,0,H,D Dickinson,10,14,3,5,8,16,8,6,3,2,0,0,8.0,4.5,1.44,7.54,4.61,1.41,1.73,2.08,2024-02-28
SC0,28/02/2024,20:00,Livingston,Motherwell,1,3,A,1,0,H,J Beaton,14,15,4,5,12,8,1,4,1,1,0,0,2.7,3.4,2.55,2.74,3.23,2.58,2.15,1.68,2024-02-28
SC0,02/03/2024,15:00,Dundee,Kilmarnock,2,2,D,1,1,D,C Steven,14,9,5,7,11,10,4,6,3,4,0,1,2.6,3.5,2.6,2.61,3.33,2.64,1.96,1.83,2024-03-02
SC0,02/03/2024,15:00,Hibernian,Ross County,2,0,H,0,0,D,C Napier,14,4,6,2,9,14,8,2,0,1,0,0,1.57,4.2,5.5,1.6,4.14,5.15,1.68,2.14,2024-03-02
SC0,02/03/2024,15:00,Rangers,Motherwell,1,2,A,0,1,A,A Muir,31,15,11,5,9,10,15,2,0,3,0,0,1.14,9.0,15.0,1.15,7.78,15.69,1.39,2.88,2024-03-02
SC0,02/03/2024,15:00,St Johnstone,Livingston,1,1,D,0,1,A,C Graham,10,8,3,4,15,16,2,2,2,2,0,0,2.38,3.25,3.1,2.34,3.16,3.16,2.29,1.6,2024-03-02
SC0,02/03/2024,15:00,St Mirren,Aberdeen,2,1,H,0,1,A,N Walsh,14,9,5,3,16,22,3,2,1,4,0,0,2.3,3.5,3.0,2.27,3.35,3.1,2.03,1.77,2024-03-02
SC0,03/03/2024,12:00,Hearts,Celtic,2,0,H,1,0,H,D Robertson,14,17,6,6,10,11,7,7,2,2,0,1,6.5,4.33,1.5,5.97,4.45,1.49,1.58,2.34,2024-03-03
SC0,13/03/2024,19:45,Dundee,Aberdeen,1,0,H,0,0,D,S McLean,18,10,6,2,12,8,6,4,2,1,0,0,2.45,3.4,2.88,2.42,3.42,2.82,1.82,1.96,2024-03-13
SC0,13/03/2024,19:45,Ross County,Hibernian,2,2,D,1,0,H,D Munro,6,11,3,6,7,12,2,6,1,2,0,0,4.2,3.75,1.85,3.88,3.71,1.88,1.76,2.04,2024-03-13
SC0,16/03/2024,15:00,Celtic,St Johnstone,3,1,H,1,0,H,E Anderson,22,6,9,2,6,13,10,2,0,3,0,0,1.1,9.0,26.0,1.1,9.19,22.68,1.38,2.92,2024-03-16
SC0,16/03/2024,15:00,Hibernian,Livingston,3,0,H,3,0,H,N Walsh,14,9,4,3,13,16,3,2,0,6,0,0,1.53,4.2,6.5,1.51,4.25,6.17,1.72,2.08,2024-03-16
SC0,16/03/2024,15:00,Kilmarnock,St Mirren,5,2,H,0,2,A,R Hardie,13,7,8,2,15,13,1,3,3,1,0,0,2.15,3.1,3.75,2.13,3.16,3.65,2.38,1.56,2024-03-16
SC0,16/03/2024,15:00,Motherwell,Aberdeen,0,1,A,0,1,A,W Collum,14,14,5,4,13,10,6,6,1,2,0,0,2.4,3.1,3.2,2.33,3.27,3.09,1.97,1.81,2024-03-16
SC0,16/03/2024,15:00,Ross County,Hearts,2,1,H,1,0,H,G Irvine,11,21,3,6,7,6,2,15,2,1,0,0,4.0,3.6,1.91,4.24,3.63,1.83,1.91,1.88,2024-03-16
SC0,30/03/2024,15:00,Aberdeen,Ross County,2,1,H,1,1,D,K Clancy,10,10,4,3,12,16,2,8,2,4,0,0,1.7,3.75,5.0,1.73,3.77,4.61,1.83,1.95,2024-03-30
SC0,30/03/2024,15:00,Hearts,Kilmarnock,1,1,D,1,0,H,W Collum,16,12,6,4,5,12,7,7,2,2,0,0,2.0,3.5,3.75,2.01,3.44,3.64,1.97,1.81,2024-03-30
SC0,30/03/2024,15:00,Motherwell,St Mirren,1,1,D,0,1,A,M MacDermid,16,17,4,4,9,8,4,4,1,1,0,0,2.45,3.4,2.88,2.49,3.23,2.86,2.18,1.67,2024-03-30
SC0,30/03/2024,15:00,Rangers,Hibernian,3,1,H,2,1,H,D Dickinson,24,6,8,1,14,7,9,4,3,3,0,0,1.29,7.0,7.5,1.26,6.09,10.17,1.48,2.57,2024-03-30
SC0,30/03/2024,15:00,St Johnstone,Dundee,1,2,A,0,1,A,I Snedden,15,10,4,3,8,9,11,2,5,1,0,0,2.7,3.4,2.6,2.77,3.18,2.59,2.18,1.66,2024-03-30
SC0,31/03/2024,12:00,Livingston,Celtic,0,3,A,0,0,D,D Robertson,5,21,1,10,7,8,0,8,1,0,0,0,12.0,7.0,1.22,12.2,6.68,1.2,1.44,2.72,2024-03-31
SC0,06/04/2024,15:00,Dundee,Motherwell,2,3,A,1,0,H,D Dickinson,6,20,2,5,7,4,3,11,2,0,0,0,2.38,3.3,3.1,2.32,3.42,2.99,1.89,1.89,2024-04-06
SC0,06/04/2024,15:00,Hibernian,St Johnstone,1,2,A,0,0,D,G Irvine,13,6,6,2,6,6,13,3,1,2,0,0,1.5,4.33,6.5,1.52,4.13,6.24,1.9,1.89,2024-04-06
SC0,06/04/2024,15:00,Kilmarnock,Ross County,1,0,H,0,0,D,E Anderson,14,10,5,4,6,15,4,3,4,4,0,0,1.5,4.2,7.0,1.5,4.17,6.55,1.9,1.89,2024-04-06
SC0,06/04/2024,15:00,Livingston,Aberdeen,0,0,D,0,0,D,G Grainger,9,5,1,3,15,7,2,5,2,0,0,0,3.6,3.4,2.1,3.62,3.3,2.08,2.15,1.68,2024-04-06
SC0,06/04/2024,15:00,St Mirren,Hearts,1,2,A,0,1,A,A Muir,6,10,1,2,14,5,8,7,1,2,0,0,2.88,3.1,2.6,2.76,3.19,2.6,2.1,1.72,2024-04-06
SC0,07/04/2024,12:00,Rangers,Celtic,3,3,D,0,2,A,J Beaton,12,14,5,7,10,23,3,2,0,4,0,0,2.2,3.6,3.1,2.22,3.53,3.07,1.74,2.07,2024-04-07
SC0,13/04/2024,15:00,Aberdeen,Dundee,0,0,D,0,0,D,N Walsh,12,18,5,3,14,17,3,5,0,3,1,0,2.0,3.5,3.8,2.01,3.5,3.63,1.89,1.88,2024-04-13
SC0,13/04/2024,15:00,Celtic,St Mirren,3,0,H,0,0,D,S McLean,18,2,9,0,7,12,11,1,0,2,0,0,1.2,6.5,15.0,1.19,7.06,13.43,1.4,2.85,2024-04-13
SC0,13/04/2024,15:00,Hearts,Livingston,4,2,H,4,2,H,C Steven,13,8,5,3,9,17,5,5,1,0,0,1,1.4,5.0,7.0,1.37,4.83,8.23,1.73,2.07,2024-04-13
SC0,13/04/2024,15:00,Motherwell,Hibernian,1,1,D,0,0,D,W Collum,8,8,1,4,7,10,4,6,2,4,0,0,2.7,3.4,2.6,2.7,3.45,2.51,1.77,2.02,2024-04-13
SC0,13/04/2024,15:00,St Johnstone,Kilmarnock,0,2,A,0,1,A,C Scott,11,17,3,5,8,14,2,6,0,0,0,0,3.8,3.5,2.0,3.76,3.43,2.0,2.12,1.7,2024-04-13
SC0,14/04/2024,12:00,Ross County,Rangers,3,2,H,0,1,A,M MacDermid,13,28,6,7,6,10,3,17,3,1,0,0,10.0,6.5,1.25,11.38,6.55,1.22,1.48,2.58,2024-04-14
SC0,17/04/2024,20:00,Dundee,Rangers,0,0,D,0,0,D,D Robertson,7,17,1,5,11,13,2,9,1,0,0,0,9.0,5.75,1.3,9.76,5.77,1.27,1.49,2.55,2024-04-17
SC0,27/04/2024,15:00,Aberdeen,Motherwell,1,0,H,0,0,D,C Napier,23,8,5,3,9,14,10,7,1,0,0,1,2.05,3.4,3.75,2.08,3.4,3.52,1.95,1.83,2024-04-27
SC0,27/04/2024,15:00,Kilmarnock,Hearts,0,0,D,0,0,D,R Hardie,16,14,2,4,9,6,8,4,4,0,0,0,2.25,3.3,3.3,2.24,3.3,3.23,1.96,1.82,2024-04-27
SC0,27/04/2024,15:00,Livingston,Ross County,2,0,H,1,0,H,W Collum,6,14,4,4,13,13,4,5,1,0,0,0,2.75,3.4,2.55,2.76,3.3,2.54,2.02,1.77,2024-04-27
SC0,27/04/2024,15:00,St Johnstone,Hibernian,1,3,A,0,2,A,D Munro,9,16,3,8,11,8,1,7,0,1,0,0,3.8,3.6,1.95,3.9,3.47,1.95,1.99,1.79,2024-04-27
SC0,28/04/2024,12:30,St Mirren,Rangers,1,2,A,1,1,D,N Walsh,12,20,5,6,12,12,4,8,1,1,0,0,8.0,5.0,1.36,7.7,4.9,1.37,1.63,2.23,2024-04-28
SC0,28/04/2024,15:00,Dundee,Celtic,1,2,A,0,1,A,J Beaton,11,13,6,6,10,7,8,8,0,1,0,0,8.5,6.5,1.29,9.14,5.95,1.27,1.4,2.83,2024-04-28
SC0,04/05/2024,15:00,Aberdeen,St Johnstone,1,0,H,0,0,D,C Graham,15,12,6,5,10,15,7,4,1,2,0,0,1.67,3.6,5.5,1.7,3.64,5.09,2.05,1.74,2024-05-04
SC0,04/05/2024,15:00,Celtic,Hearts,3,0,H,2,0,H,K Clancy,17,5,8,2,13,7,17,8,0,2,0,0,1.22,6.5,12.0,1.22,6.57,11.28,1.39,2.88,2024-05-04
SC0,04/05/2024,15:00,Dundee,St Mirren,1,3,A,0,1,A,M MacDermid,10,12,4,7,8,9,4,8,2,1,0,0,2.5,3.25,2.88,2.49,3.22,2.85,2.01,1.77,2024-05-04
SC0,04/05/2024,15:00,Motherwell,Livingston,4,1,H,2,0,H,D Munro,14,5,6,1,2,2,6,2,2,0,0,0,1.65,4.0,5.0,1.66,3.81,5.17,1.9,1.87,2024-05-04
SC0,04/05/2024,15:00,Ross County,Hibernian,2,1,H,1,1,D,D Robertson,12,20,4,5,3,8,5,7,1,0,0,0,3.8,3.4,2.0,3.53,3.62,1.99,1.71,2.08,2024-05-04
SC0,05/05/2024,13:00,Rangers,Kilmarnock,4,1,H,1,1,D,D Dickinson,41,5,15,2,11,9,16,1,0,2,0,1,1.25,6.5,10.0,1.24,6.13,10.59,1.49,2.51,2024-05-05
SC0,11/05/2024,12:30,Celtic,Rangers,2,1,H,2,1,H,W Collum,22,8,6,1,14,17,10,5,3,0,0,1,1.85,3.75,4.0,1.88,3.86,3.75,1.56,2.39,2024-05-11
SC0,11/05/2024,15:00,Hearts,Dundee,3,0,H,1,0,H,N Walsh,16,15,8,4,8,8,2,5,0,3,0,0,1.67,4.0,4.75,1.67,4.02,4.69,1.69,2.13,2024-05-11
SC0,11/05/2024,15:00,Livingston,St Johnstone,2,1,H,0,1,A,J Beaton,15,25,8,7,12,9,4,8,2,1,0,0,2.9,2.88,2.7,2.83,3.07,2.63,2.31,1.59,2024-05-11
SC0,11/05/2024,15:00,Ross County,Motherwell,1,5,A,1,2,A,K Clancy,14,14,2,7,14,4,8,5,3,2,0,0,2.3,3.3,3.1,2.31,3.48,2.94,1.79,1.99,2024-05-11
SC0,11/05/2024,15:00,St Mirren,Kilmarnock,0,1,A,0,1,A,E Anderson,10,15,2,4,10,13,8,5,0,2,0,0,2.7,3.0,2.8,2.67,3.06,2.77,2.29,1.6,2024-05-11
SC0,12/05/2024,15:00,Hibernian,Aberdeen,0,4,A,0,2,A,G Irvine,16,16,4,4,13,5,8,3,2,1,0,0,2.0,3.5,3.6,2.04,3.58,3.39,1.73,2.05,2024-05-12
SC0,14/05/2024,19:30,Rangers,Dundee,5,2,H,1,2,A,M MacDermid,31,11,13,5,6,6,6,5,0,0,0,0,1.14,8.0,17.0,1.14,8.35,16.81,1.3,3.37,2024-05-14
SC0,15/05/2024,19:30,Kilmarnock,Celtic,0,5,A,0,3,A,D Robertson,12,30,2,12,7,12,2,9,2,0,0,0,6.5,5.75,1.36,7.48,5.22,1.36,1.45,2.65,2024-05-15
SC0,15/05/2024,19:45,Aberdeen,Livingston,5,1,H,0,0,D,A Muir,17,9,7,3,13,18,6,3,2,2,0,0,1.5,4.2,6.5,1.53,4.25,5.8,1.72,2.09,2024-05-15
SC0,15/05/2024,19:45,Hibernian,Motherwell,3,0,H,2,0,H,I Snedden,12,9,5,3,6,5,8,4,1,1,0,0,1.83,3.75,4.0,1.86,3.76,3.91,1.7,2.13,2024-05-15
SC0,15/05/2024,19:45,St Johnstone,Ross County,1,1,D,0,1,A,N Walsh,9,10,3,5,6,11,4,4,1,4,0,0,2.4,3.25,3.0,2.41,3.21,3.0,2.1,1.71,2024-05-15
SC0,15/05/2024,19:45,St Mirren,Hearts,2,2,D,1,1,D,J Beaton,14,10,5,4,7,10,4,3,0,0,0,0,2.7,3.2,2.63,2.7,3.29,2.6,1.97,1.81,2024-05-15
SC0,18/05/2024,12:30,Celtic,St Mirren,3,2,H,2,2,D,M MacDermid,12,9,4,3,7,9,11,3,0,0,0,0,1.22,5.75,13.0,1.22,6.59,11.7,1.4,2.84,2024-05-18
SC0,18/05/2024,12:30,Dundee,Kilmarnock,1,1,D,1,1,D,C Scott,11,11,2,3,7,10,4,3,1,3,0,1,2.88,3.4,2.38,2.87,3.4,2.4,1.81,1.98,2024-05-18
SC0,18/05/2024,12:30,Hearts,Rangers,3,3,D,1,0,H,D Robertson,13,22,4,10,10,11,2,6,1,1,0,0,4.2,4.33,1.7,4.4,4.28,1.68,1.45,2.65,2024-05-18
SC0,19/05/2024,15:00,Livingston,Hibernian,1,1,D,0,0,D,D Munro,4,13,2,3,6,8,4,9,0,1,0,0,4.0,3.8,1.8,4.21,3.77,1.79,1.76,2.02,2024-05-19
SC0,19/05/2024,15:00,Motherwell,St Johnstone,1,2,A,0,2,A,C Steven,13,9,5,4,7,9,7,3,0,1,0,0,2.4,3.4,2.8,2.39,3.54,2.75,1.93,1.84,2024-05-19
SC0,19/05/2024,15:00,Ross County,Aberdeen,2,2,D,1,1,D,C Graham,15,11,6,4,14,10,3,7,4,1,0,1,2.5,3.9,2.45,2.56,3.61,2.53,1.72,2.07,2024-05-19
